-10.8,50.0,50.0,0,0,-1
-10.8,50.0,-0.5,0,0,-1
-10.8,50.0,50.0,0,0,-1
-10.8,100.0,50.0,0,0,-1
-10.8,100.0,-0.5,0,0,-1
-10.8,100.0,50.0,0,0,-1
-10.8,150.0,50.0,0,0,-1
-10.8,150.0,-0.5,0,0,-1
-10.8,150.0,50.0,0,0,-1
-10.8,200.0,50.0,0,0,-1
-10.8,200.0,-0.5,0,0,-1
-10.8,200.0,50.0,0,0,-1
-10.8,250.0,50.0,0,0,-1
-10.8,250.0,-0.5,0,0,-1
-10.8,250.0,50.0,0,0,-1
-10.8,300.0,50.0,0,0,-1
-10.8,300.0,-0.5,0,0,-1
-10.8,300.0,50.0,0,0,-1
-10.8,350.0,50.0,0,0,-1
-10.8,350.0,-0.5,0,0,-1
-10.8,350.0,50.0,0,0,-1
-10.8,400.0,50.0,0,0,-1
-10.8,400.0,-0.5,0,0,-1
-10.8,400.0,50.0,0,0,-1
-10.8,450.0,50.0,0,0,-1
-10.8,450.0,-0.5,0,0,-1
-10.8,450.0,50.0,0,0,-1
-10.8,500.0,50.0,0,0,-1
-10.8,500.0,-0.5,0,0,-1
-10.8,500.0,50.0,0,0,-1
-10.8,550.0,50.0,0,0,-1
-10.8,550.0,-0.5,0,0,-1
-10.8,550.0,50.0,0,0,-1
-10.8,600.0,50.0,0,0,-1
-10.8,600.0,-0.5,0,0,-1
-10.8,600.0,50.0,0,0,-1
-10.8,650.0,50.0,0,0,-1
-10.8,650.0,-0.5,0,0,-1
-10.8,650.0,50.0,0,0,-1
-10.8,700.0,50.0,0,0,-1
-10.8,700.0,-0.5,0,0,-1
-10.8,700.0,50.0,0,0,-1
-10.8,750.0,50.0,0,0,-1
-10.8,750.0,-0.5,0,0,-1
-10.8,750.0,50.0,0,0,-1
-10.8,800.0,50.0,0,0,-1
-10.8,800.0,-0.5,0,0,-1
-10.8,800.0,50.0,0,0,-1
-10.8,850.0,50.0,0,0,-1
-10.8,850.0,-0.5,0,0,-1
-10.8,850.0,50.0,0,0,-1
-10.8,900.0,50.0,0,0,-1
-10.8,900.0,-0.5,0,0,-1
-10.8,900.0,50.0,0,0,-1
-10.8,950.0,50.0,0,0,-1
-10.8,950.0,-0.5,0,0,-1
-10.8,950.0,50.0,0,0,-1
-10.8,1000.0,50.0,0,0,-1
-10.8,1000.0,-0.5,0,0,-1
-10.8,1000.0,50.0,0,0,-1
-10.8,1050.0,50.0,0,0,-1
-10.8,1050.0,-0.5,0,0,-1
-10.8,1050.0,50.0,0,0,-1
-10.8,1100.0,50.0,0,0,-1
-10.8,1100.0,-0.5,0,0,-1
-10.8,1100.0,50.0,0,0,-1
-10.8,1150.0,50.0,0,0,-1
-10.8,1150.0,-0.5,0,0,-1
-10.8,1150.0,50.0,0,0,-1
-10.8,1200.0,50.0,0,0,-1
-10.8,1200.0,-0.5,0,0,-1
-10.8,1200.0,50.0,0,0,-1
-10.8,1250.0,50.0,0,0,-1
-10.8,1250.0,-0.5,0,0,-1
-10.8,1250.0,50.0,0,0,-1
-10.8,1300.0,50.0,0,0,-1
-10.8,1300.0,-0.5,0,0,-1
-10.8,1300.0,50.0,0,0,-1
-10.8,1350.0,50.0,0,0,-1
-10.8,1350.0,-0.5,0,0,-1
-10.8,1350.0,50.0,0,0,-1
-10.8,1400.0,50.0,0,0,-1
-10.8,1400.0,-0.5,0,0,-1
-10.8,1400.0,50.0,0,0,-1
-10.8,1450.0,50.0,0,0,-1
-10.8,1450.0,-0.5,0,0,-1
-10.8,1450.0,50.0,0,0,-1
-86.48,50.0,50.0,0,0,-1
-86.48,50.0,-0.5,0,0,-1
-86.48,50.0,50.0,0,0,-1
-86.48,100.0,50.0,0,0,-1
-86.48,100.0,-0.5,0,0,-1
-86.48,100.0,50.0,0,0,-1
-86.48,150.0,50.0,0,0,-1
-86.48,150.0,-0.5,0,0,-1
-86.48,150.0,50.0,0,0,-1
-86.48,200.0,50.0,0,0,-1
-86.48,200.0,-0.5,0,0,-1
-86.48,200.0,50.0,0,0,-1
-86.48,250.0,50.0,0,0,-1
-86.48,250.0,-0.5,0,0,-1
-86.48,250.0,50.0,0,0,-1
-86.48,300.0,50.0,0,0,-1
-86.48,300.0,-0.5,0,0,-1
-86.48,300.0,50.0,0,0,-1
-86.48,350.0,50.0,0,0,-1
-86.48,350.0,-0.5,0,0,-1
-86.48,350.0,50.0,0,0,-1
-86.48,400.0,50.0,0,0,-1
-86.48,400.0,-0.5,0,0,-1
-86.48,400.0,50.0,0,0,-1
-86.48,450.0,50.0,0,0,-1
-86.48,450.0,-0.5,0,0,-1
-86.48,450.0,50.0,0,0,-1
-86.48,500.0,50.0,0,0,-1
-86.48,500.0,-0.5,0,0,-1
-86.48,500.0,50.0,0,0,-1
-86.48,550.0,50.0,0,0,-1
-86.48,550.0,-0.5,0,0,-1
-86.48,550.0,50.0,0,0,-1
-86.48,600.0,50.0,0,0,-1
-86.48,600.0,-0.5,0,0,-1
-86.48,600.0,50.0,0,0,-1
-86.48,650.0,50.0,0,0,-1
-86.48,650.0,-0.5,0,0,-1
-86.48,650.0,50.0,0,0,-1
-86.48,700.0,50.0,0,0,-1
-86.48,700.0,-0.5,0,0,-1
-86.48,700.0,50.0,0,0,-1
-86.48,750.0,50.0,0,0,-1
-86.48,750.0,-0.5,0,0,-1
-86.48,750.0,50.0,0,0,-1
-86.48,800.0,50.0,0,0,-1
-86.48,800.0,-0.5,0,0,-1
-86.48,800.0,50.0,0,0,-1
-86.48,850.0,50.0,0,0,-1
-86.48,850.0,-0.5,0,0,-1
-86.48,850.0,50.0,0,0,-1
-86.48,900.0,50.0,0,0,-1
-86.48,900.0,-0.5,0,0,-1
-86.48,900.0,50.0,0,0,-1
-86.48,950.0,50.0,0,0,-1
-86.48,950.0,-0.5,0,0,-1
-86.48,950.0,50.0,0,0,-1
-86.48,1000.0,50.0,0,0,-1
-86.48,1000.0,-0.5,0,0,-1
-86.48,1000.0,50.0,0,0,-1
-86.48,1050.0,50.0,0,0,-1
-86.48,1050.0,-0.5,0,0,-1
-86.48,1050.0,50.0,0,0,-1
-86.48,1100.0,50.0,0,0,-1
-86.48,1100.0,-0.5,0,0,-1
-86.48,1100.0,50.0,0,0,-1
-86.48,1150.0,50.0,0,0,-1
-86.48,1150.0,-0.5,0,0,-1
-86.48,1150.0,50.0,0,0,-1
-86.48,1200.0,50.0,0,0,-1
-86.48,1200.0,-0.5,0,0,-1
-86.48,1200.0,50.0,0,0,-1
-86.48,1250.0,50.0,0,0,-1
-86.48,1250.0,-0.5,0,0,-1
-86.48,1250.0,50.0,0,0,-1
-86.48,1300.0,50.0,0,0,-1
-86.48,1300.0,-0.5,0,0,-1
-86.48,1300.0,50.0,0,0,-1
-86.48,1350.0,50.0,0,0,-1
-86.48,1350.0,-0.5,0,0,-1
-86.48,1350.0,50.0,0,0,-1
-86.48,1400.0,50.0,0,0,-1
-86.48,1400.0,-0.5,0,0,-1
-86.48,1400.0,50.0,0,0,-1
-86.48,1450.0,50.0,0,0,-1
-86.48,1450.0,-0.5,0,0,-1
-86.48,1450.0,50.0,0,0,-1
-162.16,50.0,50.0,0,0,-1
-162.16,50.0,-0.5,0,0,-1
-162.16,50.0,50.0,0,0,-1
-162.16,100.0,50.0,0,0,-1
-162.16,100.0,-0.5,0,0,-1
-162.16,100.0,50.0,0,0,-1
-162.16,150.0,50.0,0,0,-1
-162.16,150.0,-0.5,0,0,-1
-162.16,150.0,50.0,0,0,-1
-162.16,200.0,50.0,0,0,-1
-162.16,200.0,-0.5,0,0,-1
-162.16,200.0,50.0,0,0,-1
-162.16,250.0,50.0,0,0,-1
-162.16,250.0,-0.5,0,0,-1
-162.16,250.0,50.0,0,0,-1
-162.16,300.0,50.0,0,0,-1
-162.16,300.0,-0.5,0,0,-1
-162.16,300.0,50.0,0,0,-1
-162.16,350.0,50.0,0,0,-1
-162.16,350.0,-0.5,0,0,-1
-162.16,350.0,50.0,0,0,-1
-162.16,400.0,50.0,0,0,-1
-162.16,400.0,-0.5,0,0,-1
-162.16,400.0,50.0,0,0,-1
-162.16,450.0,50.0,0,0,-1
-162.16,450.0,-0.5,0,0,-1
-162.16,450.0,50.0,0,0,-1
-162.16,500.0,50.0,0,0,-1
-162.16,500.0,-0.5,0,0,-1
-162.16,500.0,50.0,0,0,-1
-162.16,550.0,50.0,0,0,-1
-162.16,550.0,-0.5,0,0,-1
-162.16,550.0,50.0,0,0,-1
-162.16,600.0,50.0,0,0,-1
-162.16,600.0,-0.5,0,0,-1
-162.16,600.0,50.0,0,0,-1
-162.16,650.0,50.0,0,0,-1
-162.16,650.0,-0.5,0,0,-1
-162.16,650.0,50.0,0,0,-1
-162.16,700.0,50.0,0,0,-1
-162.16,700.0,-0.5,0,0,-1
-162.16,700.0,50.0,0,0,-1
-162.16,750.0,50.0,0,0,-1
-162.16,750.0,-0.5,0,0,-1
-162.16,750.0,50.0,0,0,-1
-162.16,800.0,50.0,0,0,-1
-162.16,800.0,-0.5,0,0,-1
-162.16,800.0,50.0,0,0,-1
-162.16,850.0,50.0,0,0,-1
-162.16,850.0,-0.5,0,0,-1
-162.16,850.0,50.0,0,0,-1
-162.16,900.0,50.0,0,0,-1
-162.16,900.0,-0.5,0,0,-1
-162.16,900.0,50.0,0,0,-1
-162.16,950.0,50.0,0,0,-1
-162.16,950.0,-0.5,0,0,-1
-162.16,950.0,50.0,0,0,-1
-162.16,1000.0,50.0,0,0,-1
-162.16,1000.0,-0.5,0,0,-1
-162.16,1000.0,50.0,0,0,-1
-162.16,1050.0,50.0,0,0,-1
-162.16,1050.0,-0.5,0,0,-1
-162.16,1050.0,50.0,0,0,-1
-162.16,1100.0,50.0,0,0,-1
-162.16,1100.0,-0.5,0,0,-1
-162.16,1100.0,50.0,0,0,-1
-162.16,1150.0,50.0,0,0,-1
-162.16,1150.0,-0.5,0,0,-1
-162.16,1150.0,50.0,0,0,-1
-162.16,1200.0,50.0,0,0,-1
-162.16,1200.0,-0.5,0,0,-1
-162.16,1200.0,50.0,0,0,-1
-162.16,1250.0,50.0,0,0,-1
-162.16,1250.0,-0.5,0,0,-1
-162.16,1250.0,50.0,0,0,-1
-162.16,1300.0,50.0,0,0,-1
-162.16,1300.0,-0.5,0,0,-1
-162.16,1300.0,50.0,0,0,-1
-162.16,1350.0,50.0,0,0,-1
-162.16,1350.0,-0.5,0,0,-1
-162.16,1350.0,50.0,0,0,-1
-162.16,1400.0,50.0,0,0,-1
-162.16,1400.0,-0.5,0,0,-1
-162.16,1400.0,50.0,0,0,-1
-237.84,50.0,50.0,0,0,-1
-237.84,50.0,-0.5,0,0,-1
-237.84,50.0,50.0,0,0,-1
-237.84,100.0,50.0,0,0,-1
-237.84,100.0,-0.5,0,0,-1
-237.84,100.0,50.0,0,0,-1
-237.84,150.0,50.0,0,0,-1
-237.84,150.0,-0.5,0,0,-1
-237.84,150.0,50.0,0,0,-1
-237.84,200.0,50.0,0,0,-1
-237.84,200.0,-0.5,0,0,-1
-237.84,200.0,50.0,0,0,-1
-237.84,250.0,50.0,0,0,-1
-237.84,250.0,-0.5,0,0,-1
-237.84,250.0,50.0,0,0,-1
-237.84,300.0,50.0,0,0,-1
-237.84,300.0,-0.5,0,0,-1
-237.84,300.0,50.0,0,0,-1
-237.84,350.0,50.0,0,0,-1
-237.84,350.0,-0.5,0,0,-1
-237.84,350.0,50.0,0,0,-1
-237.84,400.0,50.0,0,0,-1
-237.84,400.0,-0.5,0,0,-1
-237.84,400.0,50.0,0,0,-1
-237.84,450.0,50.0,0,0,-1
-237.84,450.0,-0.5,0,0,-1
-237.84,450.0,50.0,0,0,-1
-237.84,500.0,50.0,0,0,-1
-237.84,500.0,-0.5,0,0,-1
-237.84,500.0,50.0,0,0,-1
-237.84,550.0,50.0,0,0,-1
-237.84,550.0,-0.5,0,0,-1
-237.84,550.0,50.0,0,0,-1
-237.84,600.0,50.0,0,0,-1
-237.84,600.0,-0.5,0,0,-1
-237.84,600.0,50.0,0,0,-1
-237.84,650.0,50.0,0,0,-1
-237.84,650.0,-0.5,0,0,-1
-237.84,650.0,50.0,0,0,-1
-237.84,700.0,50.0,0,0,-1
-237.84,700.0,-0.5,0,0,-1
-237.84,700.0,50.0,0,0,-1
-237.84,750.0,50.0,0,0,-1
-237.84,750.0,-0.5,0,0,-1
-237.84,750.0,50.0,0,0,-1
-237.84,800.0,50.0,0,0,-1
-237.84,800.0,-0.5,0,0,-1
-237.84,800.0,50.0,0,0,-1
-237.84,850.0,50.0,0,0,-1
-237.84,850.0,-0.5,0,0,-1
-237.84,850.0,50.0,0,0,-1
-237.84,900.0,50.0,0,0,-1
-237.84,900.0,-0.5,0,0,-1
-237.84,900.0,50.0,0,0,-1
-237.84,950.0,50.0,0,0,-1
-237.84,950.0,-0.5,0,0,-1
-237.84,950.0,50.0,0,0,-1
-237.84,1000.0,50.0,0,0,-1
-237.84,1000.0,-0.5,0,0,-1
-237.84,1000.0,50.0,0,0,-1
-237.84,1050.0,50.0,0,0,-1
-237.84,1050.0,-0.5,0,0,-1
-237.84,1050.0,50.0,0,0,-1
-237.84,1100.0,50.0,0,0,-1
-237.84,1100.0,-0.5,0,0,-1
-237.84,1100.0,50.0,0,0,-1
-237.84,1150.0,50.0,0,0,-1
-237.84,1150.0,-0.5,0,0,-1
-237.84,1150.0,50.0,0,0,-1
-237.84,1200.0,50.0,0,0,-1
-237.84,1200.0,-0.5,0,0,-1
-237.84,1200.0,50.0,0,0,-1
-237.84,1250.0,50.0,0,0,-1
-237.84,1250.0,-0.5,0,0,-1
-237.84,1250.0,50.0,0,0,-1
-237.84,1300.0,50.0,0,0,-1
-237.84,1300.0,-0.5,0,0,-1
-237.84,1300.0,50.0,0,0,-1
-237.84,1350.0,50.0,0,0,-1
-237.84,1350.0,-0.5,0,0,-1
-237.84,1350.0,50.0,0,0,-1
-313.52,50.0,50.0,0,0,-1
-313.52,50.0,-0.5,0,0,-1
-313.52,50.0,50.0,0,0,-1
-313.52,100.0,50.0,0,0,-1
-313.52,100.0,-0.5,0,0,-1
-313.52,100.0,50.0,0,0,-1
-313.52,150.0,50.0,0,0,-1
-313.52,150.0,-0.5,0,0,-1
-313.52,150.0,50.0,0,0,-1
-313.52,200.0,50.0,0,0,-1
-313.52,200.0,-0.5,0,0,-1
-313.52,200.0,50.0,0,0,-1
-313.52,250.0,50.0,0,0,-1
-313.52,250.0,-0.5,0,0,-1
-313.52,250.0,50.0,0,0,-1
-313.52,300.0,50.0,0,0,-1
-313.52,300.0,-0.5,0,0,-1
-313.52,300.0,50.0,0,0,-1
-313.52,350.0,50.0,0,0,-1
-313.52,350.0,-0.5,0,0,-1
-313.52,350.0,50.0,0,0,-1
-313.52,400.0,50.0,0,0,-1
-313.52,400.0,-0.5,0,0,-1
-313.52,400.0,50.0,0,0,-1
-313.52,450.0,50.0,0,0,-1
-313.52,450.0,-0.5,0,0,-1
-313.52,450.0,50.0,0,0,-1
-313.52,500.0,50.0,0,0,-1
-313.52,500.0,-0.5,0,0,-1
-313.52,500.0,50.0,0,0,-1
-313.52,550.0,50.0,0,0,-1
-313.52,550.0,-0.5,0,0,-1
-313.52,550.0,50.0,0,0,-1
-313.52,600.0,50.0,0,0,-1
-313.52,600.0,-0.5,0,0,-1
-313.52,600.0,50.0,0,0,-1
-313.52,650.0,50.0,0,0,-1
-313.52,650.0,-0.5,0,0,-1
-313.52,650.0,50.0,0,0,-1
-313.52,700.0,50.0,0,0,-1
-313.52,700.0,-0.5,0,0,-1
-313.52,700.0,50.0,0,0,-1
-313.52,750.0,50.0,0,0,-1
-313.52,750.0,-0.5,0,0,-1
-313.52,750.0,50.0,0,0,-1
-313.52,800.0,50.0,0,0,-1
-313.52,800.0,-0.5,0,0,-1
-313.52,800.0,50.0,0,0,-1
-313.52,850.0,50.0,0,0,-1
-313.52,850.0,-0.5,0,0,-1
-313.52,850.0,50.0,0,0,-1
-313.52,900.0,50.0,0,0,-1
-313.52,900.0,-0.5,0,0,-1
-313.52,900.0,50.0,0,0,-1
-313.52,950.0,50.0,0,0,-1
-313.52,950.0,-0.5,0,0,-1
-313.52,950.0,50.0,0,0,-1
-313.52,1000.0,50.0,0,0,-1
-313.52,1000.0,-0.5,0,0,-1
-313.52,1000.0,50.0,0,0,-1
-313.52,1050.0,50.0,0,0,-1
-313.52,1050.0,-0.5,0,0,-1
-313.52,1050.0,50.0,0,0,-1
-313.52,1100.0,50.0,0,0,-1
-313.52,1100.0,-0.5,0,0,-1
-313.52,1100.0,50.0,0,0,-1
-313.52,1150.0,50.0,0,0,-1
-313.52,1150.0,-0.5,0,0,-1
-313.52,1150.0,50.0,0,0,-1
-313.52,1200.0,50.0,0,0,-1
-313.52,1200.0,-0.5,0,0,-1
-313.52,1200.0,50.0,0,0,-1
-313.52,1250.0,50.0,0,0,-1
-313.52,1250.0,-0.5,0,0,-1
-313.52,1250.0,50.0,0,0,-1
-313.52,1300.0,50.0,0,0,-1
-313.52,1300.0,-0.5,0,0,-1
-313.52,1300.0,50.0,0,0,-1
-389.2,50.0,50.0,0,0,-1
-389.2,50.0,-0.5,0,0,-1
-389.2,50.0,50.0,0,0,-1
-389.2,100.0,50.0,0,0,-1
-389.2,100.0,-0.5,0,0,-1
-389.2,100.0,50.0,0,0,-1
-389.2,150.0,50.0,0,0,-1
-389.2,150.0,-0.5,0,0,-1
-389.2,150.0,50.0,0,0,-1
-389.2,200.0,50.0,0,0,-1
-389.2,200.0,-0.5,0,0,-1
-389.2,200.0,50.0,0,0,-1
-389.2,250.0,50.0,0,0,-1
-389.2,250.0,-0.5,0,0,-1
-389.2,250.0,50.0,0,0,-1
-389.2,300.0,50.0,0,0,-1
-389.2,300.0,-0.5,0,0,-1
-389.2,300.0,50.0,0,0,-1
-389.2,350.0,50.0,0,0,-1
-389.2,350.0,-0.5,0,0,-1
-389.2,350.0,50.0,0,0,-1
-389.2,400.0,50.0,0,0,-1
-389.2,400.0,-0.5,0,0,-1
-389.2,400.0,50.0,0,0,-1
-389.2,450.0,50.0,0,0,-1
-389.2,450.0,-0.5,0,0,-1
-389.2,450.0,50.0,0,0,-1
-389.2,500.0,50.0,0,0,-1
-389.2,500.0,-0.5,0,0,-1
-389.2,500.0,50.0,0,0,-1
-389.2,550.0,50.0,0,0,-1
-389.2,550.0,-0.5,0,0,-1
-389.2,550.0,50.0,0,0,-1
-389.2,600.0,50.0,0,0,-1
-389.2,600.0,-0.5,0,0,-1
-389.2,600.0,50.0,0,0,-1
-389.2,650.0,50.0,0,0,-1
-389.2,650.0,-0.5,0,0,-1
-389.2,650.0,50.0,0,0,-1
-389.2,700.0,50.0,0,0,-1
-389.2,700.0,-0.5,0,0,-1
-389.2,700.0,50.0,0,0,-1
-389.2,750.0,50.0,0,0,-1
-389.2,750.0,-0.5,0,0,-1
-389.2,750.0,50.0,0,0,-1
-389.2,800.0,50.0,0,0,-1
-389.2,800.0,-0.5,0,0,-1
-389.2,800.0,50.0,0,0,-1
-389.2,850.0,50.0,0,0,-1
-389.2,850.0,-0.5,0,0,-1
-389.2,850.0,50.0,0,0,-1
-389.2,900.0,50.0,0,0,-1
-389.2,900.0,-0.5,0,0,-1
-389.2,900.0,50.0,0,0,-1
-389.2,950.0,50.0,0,0,-1
-389.2,950.0,-0.5,0,0,-1
-389.2,950.0,50.0,0,0,-1
-389.2,1000.0,50.0,0,0,-1
-389.2,1000.0,-0.5,0,0,-1
-389.2,1000.0,50.0,0,0,-1
-389.2,1050.0,50.0,0,0,-1
-389.2,1050.0,-0.5,0,0,-1
-389.2,1050.0,50.0,0,0,-1
-389.2,1100.0,50.0,0,0,-1
-389.2,1100.0,-0.5,0,0,-1
-389.2,1100.0,50.0,0,0,-1
-389.2,1150.0,50.0,0,0,-1
-389.2,1150.0,-0.5,0,0,-1
-389.2,1150.0,50.0,0,0,-1
-389.2,1200.0,50.0,0,0,-1
-389.2,1200.0,-0.5,0,0,-1
-389.2,1200.0,50.0,0,0,-1
-33.64,230.0,50.0,0,0,-1
-33.64,230.0,-0.5,0,0,-1
-33.64,230.0,50.0,0,0,-1
-63.64,230.0,50.0,0,0,-1
-63.64,230.0,-0.5,0,0,-1
-63.64,230.0,50.0,0,0,-1
-109.34,230.0,50.0,0,0,-1
-109.34,230.0,-0.5,0,0,-1
-109.34,230.0,50.0,0,0,-1
-139.34,230.0,50.0,0,0,-1
-139.34,230.0,-0.5,0,0,-1
-139.34,230.0,50.0,0,0,-1
-185.04,230.0,50.0,0,0,-1
-185.04,230.0,-0.5,0,0,-1
-185.04,230.0,50.0,0,0,-1
-215.04,230.0,50.0,0,0,-1
-215.04,230.0,-0.5,0,0,-1
-215.04,230.0,50.0,0,0,-1
-260.74,230.0,50.0,0,0,-1
-260.74,230.0,-0.5,0,0,-1
-260.74,230.0,50.0,0,0,-1
-290.74,230.0,50.0,0,0,-1
-290.74,230.0,-0.5,0,0,-1
-290.74,230.0,50.0,0,0,-1
-336.44,230.0,50.0,0,0,-1
-336.44,230.0,-0.5,0,0,-1
-336.44,230.0,50.0,0,0,-1
-366.44,230.0,50.0,0,0,-1
-366.44,230.0,-0.5,0,0,-1
-366.44,230.0,50.0,0,0,-1
-33.64,420.0,50.0,0,0,-1
-33.64,420.0,-0.5,0,0,-1
-33.64,420.0,50.0,0,0,-1
-63.64,420.0,50.0,0,0,-1
-63.64,420.0,-0.5,0,0,-1
-63.64,420.0,50.0,0,0,-1
-109.34,420.0,50.0,0,0,-1
-109.34,420.0,-0.5,0,0,-1
-109.34,420.0,50.0,0,0,-1
-139.34,420.0,50.0,0,0,-1
-139.34,420.0,-0.5,0,0,-1
-139.34,420.0,50.0,0,0,-1
-185.04,420.0,50.0,0,0,-1
-185.04,420.0,-0.5,0,0,-1
-185.04,420.0,50.0,0,0,-1
-215.04,420.0,50.0,0,0,-1
-215.04,420.0,-0.5,0,0,-1
-215.04,420.0,50.0,0,0,-1
-260.74,420.0,50.0,0,0,-1
-260.74,420.0,-0.5,0,0,-1
-260.74,420.0,50.0,0,0,-1
-290.74,420.0,50.0,0,0,-1
-290.74,420.0,-0.5,0,0,-1
-290.74,420.0,50.0,0,0,-1
-336.44,420.0,50.0,0,0,-1
-336.44,420.0,-0.5,0,0,-1
-336.44,420.0,50.0,0,0,-1
-366.44,420.0,50.0,0,0,-1
-366.44,420.0,-0.5,0,0,-1
-366.44,420.0,50.0,0,0,-1
-33.64,730.0,50.0,0,0,-1
-33.64,730.0,-0.5,0,0,-1
-33.64,730.0,50.0,0,0,-1
-63.64,730.0,50.0,0,0,-1
-63.64,730.0,-0.5,0,0,-1
-63.64,730.0,50.0,0,0,-1
-109.34,730.0,50.0,0,0,-1
-109.34,730.0,-0.5,0,0,-1
-109.34,730.0,50.0,0,0,-1
-139.34,730.0,50.0,0,0,-1
-139.34,730.0,-0.5,0,0,-1
-139.34,730.0,50.0,0,0,-1
-185.04,730.0,50.0,0,0,-1
-185.04,730.0,-0.5,0,0,-1
-185.04,730.0,50.0,0,0,-1
-215.04,730.0,50.0,0,0,-1
-215.04,730.0,-0.5,0,0,-1
-215.04,730.0,50.0,0,0,-1
-260.74,730.0,50.0,0,0,-1
-260.74,730.0,-0.5,0,0,-1
-260.74,730.0,50.0,0,0,-1
-290.74,730.0,50.0,0,0,-1
-290.74,730.0,-0.5,0,0,-1
-290.74,730.0,50.0,0,0,-1
-336.44,730.0,50.0,0,0,-1
-336.44,730.0,-0.5,0,0,-1
-336.44,730.0,50.0,0,0,-1
-366.44,730.0,50.0,0,0,-1
-366.44,730.0,-0.5,0,0,-1
-366.44,730.0,50.0,0,0,-1
-33.64,1020.0,50.0,0,0,-1
-33.64,1020.0,-0.5,0,0,-1
-33.64,1020.0,50.0,0,0,-1
-63.64,1020.0,50.0,0,0,-1
-63.64,1020.0,-0.5,0,0,-1
-63.64,1020.0,50.0,0,0,-1
-109.34,1020.0,50.0,0,0,-1
-109.34,1020.0,-0.5,0,0,-1
-109.34,1020.0,50.0,0,0,-1
-139.34,1020.0,50.0,0,0,-1
-139.34,1020.0,-0.5,0,0,-1
-139.34,1020.0,50.0,0,0,-1
-185.04,1020.0,50.0,0,0,-1
-185.04,1020.0,-0.5,0,0,-1
-185.04,1020.0,50.0,0,0,-1
-215.04,1020.0,50.0,0,0,-1
-215.04,1020.0,-0.5,0,0,-1
-215.04,1020.0,50.0,0,0,-1
-260.74,1020.0,50.0,0,0,-1
-260.74,1020.0,-0.5,0,0,-1
-260.74,1020.0,50.0,0,0,-1
-290.74,1020.0,50.0,0,0,-1
-290.74,1020.0,-0.5,0,0,-1
-290.74,1020.0,50.0,0,0,-1
-336.44,1020.0,50.0,0,0,-1
-336.44,1020.0,-0.5,0,0,-1
-336.44,1020.0,50.0,0,0,-1
-366.44,1020.0,50.0,0,0,-1
-366.44,1020.0,-0.5,0,0,-1
-366.44,1020.0,50.0,0,0,-1
-450.0,50.0,50.0,0,0,-1
-450.0,50.0,-0.5,0,0,-1
-450.0,50.0,50.0,0,0,-1
-450.0,100.0,50.0,0,0,-1
-450.0,100.0,-0.5,0,0,-1
-450.0,100.0,50.0,0,0,-1
-450.0,150.0,50.0,0,0,-1
-450.0,150.0,-0.5,0,0,-1
-450.0,150.0,50.0,0,0,-1
-450.0,200.0,50.0,0,0,-1
-450.0,200.0,-0.5,0,0,-1
-450.0,200.0,50.0,0,0,-1
-450.0,250.0,50.0,0,0,-1
-450.0,250.0,-0.5,0,0,-1
-450.0,250.0,50.0,0,0,-1
-450.0,300.0,50.0,0,0,-1
-450.0,300.0,-0.5,0,0,-1
-450.0,300.0,50.0,0,0,-1
-450.0,350.0,50.0,0,0,-1
-450.0,350.0,-0.5,0,0,-1
-450.0,350.0,50.0,0,0,-1
-450.0,400.0,50.0,0,0,-1
-450.0,400.0,-0.5,0,0,-1
-450.0,400.0,50.0,0,0,-1
-450.0,450.0,50.0,0,0,-1
-450.0,450.0,-0.5,0,0,-1
-450.0,450.0,50.0,0,0,-1
-450.0,500.0,50.0,0,0,-1
-450.0,500.0,-0.5,0,0,-1
-450.0,500.0,50.0,0,0,-1
-450.0,550.0,50.0,0,0,-1
-450.0,550.0,-0.5,0,0,-1
-450.0,550.0,50.0,0,0,-1
-450.0,600.0,50.0,0,0,-1
-450.0,600.0,-0.5,0,0,-1
-450.0,600.0,50.0,0,0,-1
-450.0,650.0,50.0,0,0,-1
-450.0,650.0,-0.5,0,0,-1
-450.0,650.0,50.0,0,0,-1
-450.0,700.0,50.0,0,0,-1
-450.0,700.0,-0.5,0,0,-1
-450.0,700.0,50.0,0,0,-1
-450.0,750.0,50.0,0,0,-1
-450.0,750.0,-0.5,0,0,-1
-450.0,750.0,50.0,0,0,-1
-450.0,800.0,50.0,0,0,-1
-450.0,800.0,-0.5,0,0,-1
-450.0,800.0,50.0,0,0,-1
-450.0,850.0,50.0,0,0,-1
-450.0,850.0,-0.5,0,0,-1
-450.0,850.0,50.0,0,0,-1
-450.0,900.0,50.0,0,0,-1
-450.0,900.0,-0.5,0,0,-1
-450.0,900.0,50.0,0,0,-1
-450.0,950.0,50.0,0,0,-1
-450.0,950.0,-0.5,0,0,-1
-450.0,950.0,50.0,0,0,-1
-450.0,1000.0,50.0,0,0,-1
-450.0,1000.0,-0.5,0,0,-1
-450.0,1000.0,50.0,0,0,-1
-450.0,1050.0,50.0,0,0,-1
-450.0,1050.0,-0.5,0,0,-1
-450.0,1050.0,50.0,0,0,-1
-450.0,1100.0,50.0,0,0,-1
-450.0,1100.0,-0.5,0,0,-1
-450.0,1100.0,50.0,0,0,-1
-450.0,1150.0,50.0,0,0,-1
-450.0,1150.0,-0.5,0,0,-1
-450.0,1150.0,50.0,0,0,-1
-450.0,1200.0,50.0,0,0,-1
-450.0,1200.0,-0.5,0,0,-1
-450.0,1200.0,50.0,0,0,-1
-450.0,1250.0,50.0,0,0,-1
-450.0,1250.0,-0.5,0,0,-1
-450.0,1250.0,50.0,0,0,-1
-450.0,1300.0,50.0,0,0,-1
-450.0,1300.0,-0.5,0,0,-1
-450.0,1300.0,50.0,0,0,-1
-450.0,1350.0,50.0,0,0,-1
-450.0,1350.0,-0.5,0,0,-1
-450.0,1350.0,50.0,0,0,-1
-450.0,1400.0,50.0,0,0,-1
-450.0,1400.0,-0.5,0,0,-1
-450.0,1400.0,50.0,0,0,-1
-450.0,1450.0,50.0,0,0,-1
-450.0,1450.0,-0.5,0,0,-1
-450.0,1450.0,50.0,0,0,-1
-578.4,50.0,50.0,0,0,-1
-578.4,50.0,-0.5,0,0,-1
-578.4,50.0,50.0,0,0,-1
-578.4,100.0,50.0,0,0,-1
-578.4,100.0,-0.5,0,0,-1
-578.4,100.0,50.0,0,0,-1
-578.4,150.0,50.0,0,0,-1
-578.4,150.0,-0.5,0,0,-1
-578.4,150.0,50.0,0,0,-1
-578.4,200.0,50.0,0,0,-1
-578.4,200.0,-0.5,0,0,-1
-578.4,200.0,50.0,0,0,-1
-578.4,250.0,50.0,0,0,-1
-578.4,250.0,-0.5,0,0,-1
-578.4,250.0,50.0,0,0,-1
-578.4,300.0,50.0,0,0,-1
-578.4,300.0,-0.5,0,0,-1
-578.4,300.0,50.0,0,0,-1
-578.4,350.0,50.0,0,0,-1
-578.4,350.0,-0.5,0,0,-1
-578.4,350.0,50.0,0,0,-1
-578.4,400.0,50.0,0,0,-1
-578.4,400.0,-0.5,0,0,-1
-578.4,400.0,50.0,0,0,-1
-578.4,450.0,50.0,0,0,-1
-578.4,450.0,-0.5,0,0,-1
-578.4,450.0,50.0,0,0,-1
-578.4,500.0,50.0,0,0,-1
-578.4,500.0,-0.5,0,0,-1
-578.4,500.0,50.0,0,0,-1
-578.4,550.0,50.0,0,0,-1
-578.4,550.0,-0.5,0,0,-1
-578.4,550.0,50.0,0,0,-1
-578.4,600.0,50.0,0,0,-1
-578.4,600.0,-0.5,0,0,-1
-578.4,600.0,50.0,0,0,-1
-578.4,650.0,50.0,0,0,-1
-578.4,650.0,-0.5,0,0,-1
-578.4,650.0,50.0,0,0,-1
-578.4,700.0,50.0,0,0,-1
-578.4,700.0,-0.5,0,0,-1
-578.4,700.0,50.0,0,0,-1
-578.4,750.0,50.0,0,0,-1
-578.4,750.0,-0.5,0,0,-1
-578.4,750.0,50.0,0,0,-1
-578.4,800.0,50.0,0,0,-1
-578.4,800.0,-0.5,0,0,-1
-578.4,800.0,50.0,0,0,-1
-578.4,850.0,50.0,0,0,-1
-578.4,850.0,-0.5,0,0,-1
-578.4,850.0,50.0,0,0,-1
-578.4,900.0,50.0,0,0,-1
-578.4,900.0,-0.5,0,0,-1
-578.4,900.0,50.0,0,0,-1
-578.4,950.0,50.0,0,0,-1
-578.4,950.0,-0.5,0,0,-1
-578.4,950.0,50.0,0,0,-1
-578.4,1000.0,50.0,0,0,-1
-578.4,1000.0,-0.5,0,0,-1
-578.4,1000.0,50.0,0,0,-1
-578.4,1050.0,50.0,0,0,-1
-578.4,1050.0,-0.5,0,0,-1
-578.4,1050.0,50.0,0,0,-1
-578.4,1100.0,50.0,0,0,-1
-578.4,1100.0,-0.5,0,0,-1
-578.4,1100.0,50.0,0,0,-1
-578.4,1150.0,50.0,0,0,-1
-578.4,1150.0,-0.5,0,0,-1
-578.4,1150.0,50.0,0,0,-1
-578.4,1200.0,50.0,0,0,-1
-578.4,1200.0,-0.5,0,0,-1
-578.4,1200.0,50.0,0,0,-1
-578.4,1250.0,50.0,0,0,-1
-578.4,1250.0,-0.5,0,0,-1
-578.4,1250.0,50.0,0,0,-1
-578.4,1300.0,50.0,0,0,-1
-578.4,1300.0,-0.5,0,0,-1
-578.4,1300.0,50.0,0,0,-1
-578.4,1350.0,50.0,0,0,-1
-578.4,1350.0,-0.5,0,0,-1
-578.4,1350.0,50.0,0,0,-1
-578.4,1400.0,50.0,0,0,-1
-578.4,1400.0,-0.5,0,0,-1
-578.4,1400.0,50.0,0,0,-1
-578.4,1450.0,50.0,0,0,-1
-578.4,1450.0,-0.5,0,0,-1
-578.4,1450.0,50.0,0,0,-1
-514.2,300.0,50.0,0,0,-1
-514.2,300.0,-0.5,0,0,-1
-514.2,300.0,50.0,0,0,-1
-514.2,650.0,50.0,0,0,-1
-514.2,650.0,-0.5,0,0,-1
-514.2,650.0,50.0,0,0,-1
-476.0,230.0,50.0,0,0,-1
-476.0,230.0,-0.5,0,0,-1
-476.0,230.0,50.0,0,0,-1
-514.2,230.0,50.0,0,0,-1
-514.2,230.0,-0.5,0,0,-1
-514.2,230.0,50.0,0,0,-1
-552.4,230.0,50.0,0,0,-1
-552.4,230.0,-0.5,0,0,-1
-552.4,230.0,50.0,0,0,-1
-655.0,50.0,50.0,0,0,-1
-655.0,50.0,-0.5,0,0,-1
-655.0,50.0,50.0,0,0,-1
-655.0,100.0,50.0,0,0,-1
-655.0,100.0,-0.5,0,0,-1
-655.0,100.0,50.0,0,0,-1
-655.0,150.0,50.0,0,0,-1
-655.0,150.0,-0.5,0,0,-1
-655.0,150.0,50.0,0,0,-1
-655.0,200.0,50.0,0,0,-1
-655.0,200.0,-0.5,0,0,-1
-655.0,200.0,50.0,0,0,-1
-655.0,250.0,50.0,0,0,-1
-655.0,250.0,-0.5,0,0,-1
-655.0,250.0,50.0,0,0,-1
-655.0,300.0,50.0,0,0,-1
-655.0,300.0,-0.5,0,0,-1
-655.0,300.0,50.0,0,0,-1
-655.0,350.0,50.0,0,0,-1
-655.0,350.0,-0.5,0,0,-1
-655.0,350.0,50.0,0,0,-1
-655.0,400.0,50.0,0,0,-1
-655.0,400.0,-0.5,0,0,-1
-655.0,400.0,50.0,0,0,-1
-655.0,450.0,50.0,0,0,-1
-655.0,450.0,-0.5,0,0,-1
-655.0,450.0,50.0,0,0,-1
-655.0,500.0,50.0,0,0,-1
-655.0,500.0,-0.5,0,0,-1
-655.0,500.0,50.0,0,0,-1
-655.0,550.0,50.0,0,0,-1
-655.0,550.0,-0.5,0,0,-1
-655.0,550.0,50.0,0,0,-1
-655.0,600.0,50.0,0,0,-1
-655.0,600.0,-0.5,0,0,-1
-655.0,600.0,50.0,0,0,-1
-655.0,650.0,50.0,0,0,-1
-655.0,650.0,-0.5,0,0,-1
-655.0,650.0,50.0,0,0,-1
-655.0,700.0,50.0,0,0,-1
-655.0,700.0,-0.5,0,0,-1
-655.0,700.0,50.0,0,0,-1
-655.0,750.0,50.0,0,0,-1
-655.0,750.0,-0.5,0,0,-1
-655.0,750.0,50.0,0,0,-1
-655.0,800.0,50.0,0,0,-1
-655.0,800.0,-0.5,0,0,-1
-655.0,800.0,50.0,0,0,-1
-655.0,850.0,50.0,0,0,-1
-655.0,850.0,-0.5,0,0,-1
-655.0,850.0,50.0,0,0,-1
-655.0,900.0,50.0,0,0,-1
-655.0,900.0,-0.5,0,0,-1
-655.0,900.0,50.0,0,0,-1
-655.0,950.0,50.0,0,0,-1
-655.0,950.0,-0.5,0,0,-1
-655.0,950.0,50.0,0,0,-1
-655.0,1000.0,50.0,0,0,-1
-655.0,1000.0,-0.5,0,0,-1
-655.0,1000.0,50.0,0,0,-1
-655.0,1050.0,50.0,0,0,-1
-655.0,1050.0,-0.5,0,0,-1
-655.0,1050.0,50.0,0,0,-1
-655.0,1100.0,50.0,0,0,-1
-655.0,1100.0,-0.5,0,0,-1
-655.0,1100.0,50.0,0,0,-1
-655.0,1150.0,50.0,0,0,-1
-655.0,1150.0,-0.5,0,0,-1
-655.0,1150.0,50.0,0,0,-1
-655.0,1200.0,50.0,0,0,-1
-655.0,1200.0,-0.5,0,0,-1
-655.0,1200.0,50.0,0,0,-1
-655.0,1250.0,50.0,0,0,-1
-655.0,1250.0,-0.5,0,0,-1
-655.0,1250.0,50.0,0,0,-1
-783.4,50.0,50.0,0,0,-1
-783.4,50.0,-0.5,0,0,-1
-783.4,50.0,50.0,0,0,-1
-783.4,100.0,50.0,0,0,-1
-783.4,100.0,-0.5,0,0,-1
-783.4,100.0,50.0,0,0,-1
-783.4,150.0,50.0,0,0,-1
-783.4,150.0,-0.5,0,0,-1
-783.4,150.0,50.0,0,0,-1
-783.4,200.0,50.0,0,0,-1
-783.4,200.0,-0.5,0,0,-1
-783.4,200.0,50.0,0,0,-1
-783.4,250.0,50.0,0,0,-1
-783.4,250.0,-0.5,0,0,-1
-783.4,250.0,50.0,0,0,-1
-783.4,300.0,50.0,0,0,-1
-783.4,300.0,-0.5,0,0,-1
-783.4,300.0,50.0,0,0,-1
-783.4,350.0,50.0,0,0,-1
-783.4,350.0,-0.5,0,0,-1
-783.4,350.0,50.0,0,0,-1
-783.4,400.0,50.0,0,0,-1
-783.4,400.0,-0.5,0,0,-1
-783.4,400.0,50.0,0,0,-1
-783.4,450.0,50.0,0,0,-1
-783.4,450.0,-0.5,0,0,-1
-783.4,450.0,50.0,0,0,-1
-783.4,500.0,50.0,0,0,-1
-783.4,500.0,-0.5,0,0,-1
-783.4,500.0,50.0,0,0,-1
-783.4,550.0,50.0,0,0,-1
-783.4,550.0,-0.5,0,0,-1
-783.4,550.0,50.0,0,0,-1
-783.4,600.0,50.0,0,0,-1
-783.4,600.0,-0.5,0,0,-1
-783.4,600.0,50.0,0,0,-1
-783.4,650.0,50.0,0,0,-1
-783.4,650.0,-0.5,0,0,-1
-783.4,650.0,50.0,0,0,-1
-783.4,700.0,50.0,0,0,-1
-783.4,700.0,-0.5,0,0,-1
-783.4,700.0,50.0,0,0,-1
-783.4,750.0,50.0,0,0,-1
-783.4,750.0,-0.5,0,0,-1
-783.4,750.0,50.0,0,0,-1
-783.4,800.0,50.0,0,0,-1
-783.4,800.0,-0.5,0,0,-1
-783.4,800.0,50.0,0,0,-1
-783.4,850.0,50.0,0,0,-1
-783.4,850.0,-0.5,0,0,-1
-783.4,850.0,50.0,0,0,-1
-783.4,900.0,50.0,0,0,-1
-783.4,900.0,-0.5,0,0,-1
-783.4,900.0,50.0,0,0,-1
-783.4,950.0,50.0,0,0,-1
-783.4,950.0,-0.5,0,0,-1
-783.4,950.0,50.0,0,0,-1
-783.4,1000.0,50.0,0,0,-1
-783.4,1000.0,-0.5,0,0,-1
-783.4,1000.0,50.0,0,0,-1
-783.4,1050.0,50.0,0,0,-1
-783.4,1050.0,-0.5,0,0,-1
-783.4,1050.0,50.0,0,0,-1
-783.4,1100.0,50.0,0,0,-1
-783.4,1100.0,-0.5,0,0,-1
-783.4,1100.0,50.0,0,0,-1
-783.4,1150.0,50.0,0,0,-1
-783.4,1150.0,-0.5,0,0,-1
-783.4,1150.0,50.0,0,0,-1
-783.4,1200.0,50.0,0,0,-1
-783.4,1200.0,-0.5,0,0,-1
-783.4,1200.0,50.0,0,0,-1
-783.4,1250.0,50.0,0,0,-1
-783.4,1250.0,-0.5,0,0,-1
-783.4,1250.0,50.0,0,0,-1
-719.2,300.0,50.0,0,0,-1
-719.2,300.0,-0.5,0,0,-1
-719.2,300.0,50.0,0,0,-1
-719.2,650.0,50.0,0,0,-1
-719.2,650.0,-0.5,0,0,-1
-719.2,650.0,50.0,0,0,-1
-681.0,230.0,50.0,0,0,-1
-681.0,230.0,-0.5,0,0,-1
-681.0,230.0,50.0,0,0,-1
-719.2,230.0,50.0,0,0,-1
-719.2,230.0,-0.5,0,0,-1
-719.2,230.0,50.0,0,0,-1
-757.4,230.0,50.0,0,0,-1
-757.4,230.0,-0.5,0,0,-1
-757.4,230.0,50.0,0,0,-1
-681.0,420.0,50.0,0,0,-1
-681.0,420.0,-0.5,0,0,-1
-681.0,420.0,50.0,0,0,-1
-719.2,420.0,50.0,0,0,-1
-719.2,420.0,-0.5,0,0,-1
-719.2,420.0,50.0,0,0,-1
-757.4,420.0,50.0,0,0,-1
-757.4,420.0,-0.5,0,0,-1
-757.4,420.0,50.0,0,0,-1
-681.0,1020.0,50.0,0,0,-1
-681.0,1020.0,-0.5,0,0,-1
-681.0,1020.0,50.0,0,0,-1
-719.2,1020.0,50.0,0,0,-1
-719.2,1020.0,-0.5,0,0,-1
-719.2,1020.0,50.0,0,0,-1
-757.4,1020.0,50.0,0,0,-1
-757.4,1020.0,-0.5,0,0,-1
-757.4,1020.0,50.0,0,0,-1
-890.0,50.0,50.0,0,0,-1
-890.0,50.0,-0.5,0,0,-1
-890.0,50.0,50.0,0,0,-1
-890.0,100.0,50.0,0,0,-1
-890.0,100.0,-0.5,0,0,-1
-890.0,100.0,50.0,0,0,-1
-890.0,150.0,50.0,0,0,-1
-890.0,150.0,-0.5,0,0,-1
-890.0,150.0,50.0,0,0,-1
-890.0,200.0,50.0,0,0,-1
-890.0,200.0,-0.5,0,0,-1
-890.0,200.0,50.0,0,0,-1
-890.0,250.0,50.0,0,0,-1
-890.0,250.0,-0.5,0,0,-1
-890.0,250.0,50.0,0,0,-1
-890.0,300.0,50.0,0,0,-1
-890.0,300.0,-0.5,0,0,-1
-890.0,300.0,50.0,0,0,-1
-890.0,350.0,50.0,0,0,-1
-890.0,350.0,-0.5,0,0,-1
-890.0,350.0,50.0,0,0,-1
-890.0,400.0,50.0,0,0,-1
-890.0,400.0,-0.5,0,0,-1
-890.0,400.0,50.0,0,0,-1
-890.0,450.0,50.0,0,0,-1
-890.0,450.0,-0.5,0,0,-1
-890.0,450.0,50.0,0,0,-1
-890.0,500.0,50.0,0,0,-1
-890.0,500.0,-0.5,0,0,-1
-890.0,500.0,50.0,0,0,-1
-890.0,550.0,50.0,0,0,-1
-890.0,550.0,-0.5,0,0,-1
-890.0,550.0,50.0,0,0,-1
-890.0,600.0,50.0,0,0,-1
-890.0,600.0,-0.5,0,0,-1
-890.0,600.0,50.0,0,0,-1
-890.0,650.0,50.0,0,0,-1
-890.0,650.0,-0.5,0,0,-1
-890.0,650.0,50.0,0,0,-1
-890.0,700.0,50.0,0,0,-1
-890.0,700.0,-0.5,0,0,-1
-890.0,700.0,50.0,0,0,-1
-890.0,750.0,50.0,0,0,-1
-890.0,750.0,-0.5,0,0,-1
-890.0,750.0,50.0,0,0,-1
-890.0,800.0,50.0,0,0,-1
-890.0,800.0,-0.5,0,0,-1
-890.0,800.0,50.0,0,0,-1
-890.0,850.0,50.0,0,0,-1
-890.0,850.0,-0.5,0,0,-1
-890.0,850.0,50.0,0,0,-1
-890.0,900.0,50.0,0,0,-1
-890.0,900.0,-0.5,0,0,-1
-890.0,900.0,50.0,0,0,-1
-890.0,950.0,50.0,0,0,-1
-890.0,950.0,-0.5,0,0,-1
-890.0,950.0,50.0,0,0,-1
-890.0,1000.0,50.0,0,0,-1
-890.0,1000.0,-0.5,0,0,-1
-890.0,1000.0,50.0,0,0,-1
-890.0,1050.0,50.0,0,0,-1
-890.0,1050.0,-0.5,0,0,-1
-890.0,1050.0,50.0,0,0,-1
-890.0,1100.0,50.0,0,0,-1
-890.0,1100.0,-0.5,0,0,-1
-890.0,1100.0,50.0,0,0,-1
-890.0,1150.0,50.0,0,0,-1
-890.0,1150.0,-0.5,0,0,-1
-890.0,1150.0,50.0,0,0,-1
-890.0,1200.0,50.0,0,0,-1
-890.0,1200.0,-0.5,0,0,-1
-890.0,1200.0,50.0,0,0,-1
-890.0,1250.0,50.0,0,0,-1
-890.0,1250.0,-0.5,0,0,-1
-890.0,1250.0,50.0,0,0,-1
-890.0,1300.0,50.0,0,0,-1
-890.0,1300.0,-0.5,0,0,-1
-890.0,1300.0,50.0,0,0,-1
-890.0,1350.0,50.0,0,0,-1
-890.0,1350.0,-0.5,0,0,-1
-890.0,1350.0,50.0,0,0,-1
-890.0,1400.0,50.0,0,0,-1
-890.0,1400.0,-0.5,0,0,-1
-890.0,1400.0,50.0,0,0,-1
-890.0,1450.0,50.0,0,0,-1
-890.0,1450.0,-0.5,0,0,-1
-890.0,1450.0,50.0,0,0,-1
-960.0,50.0,50.0,0,0,-1
-960.0,50.0,-0.5,0,0,-1
-960.0,50.0,50.0,0,0,-1
-960.0,100.0,50.0,0,0,-1
-960.0,100.0,-0.5,0,0,-1
-960.0,100.0,50.0,0,0,-1
-960.0,150.0,50.0,0,0,-1
-960.0,150.0,-0.5,0,0,-1
-960.0,150.0,50.0,0,0,-1
-960.0,200.0,50.0,0,0,-1
-960.0,200.0,-0.5,0,0,-1
-960.0,200.0,50.0,0,0,-1
-960.0,250.0,50.0,0,0,-1
-960.0,250.0,-0.5,0,0,-1
-960.0,250.0,50.0,0,0,-1
-960.0,300.0,50.0,0,0,-1
-960.0,300.0,-0.5,0,0,-1
-960.0,300.0,50.0,0,0,-1
-960.0,350.0,50.0,0,0,-1
-960.0,350.0,-0.5,0,0,-1
-960.0,350.0,50.0,0,0,-1
-960.0,400.0,50.0,0,0,-1
-960.0,400.0,-0.5,0,0,-1
-960.0,400.0,50.0,0,0,-1
-960.0,450.0,50.0,0,0,-1
-960.0,450.0,-0.5,0,0,-1
-960.0,450.0,50.0,0,0,-1
-960.0,500.0,50.0,0,0,-1
-960.0,500.0,-0.5,0,0,-1
-960.0,500.0,50.0,0,0,-1
-960.0,550.0,50.0,0,0,-1
-960.0,550.0,-0.5,0,0,-1
-960.0,550.0,50.0,0,0,-1
-960.0,600.0,50.0,0,0,-1
-960.0,600.0,-0.5,0,0,-1
-960.0,600.0,50.0,0,0,-1
-960.0,650.0,50.0,0,0,-1
-960.0,650.0,-0.5,0,0,-1
-960.0,650.0,50.0,0,0,-1
-960.0,700.0,50.0,0,0,-1
-960.0,700.0,-0.5,0,0,-1
-960.0,700.0,50.0,0,0,-1
-960.0,750.0,50.0,0,0,-1
-960.0,750.0,-0.5,0,0,-1
-960.0,750.0,50.0,0,0,-1
-960.0,800.0,50.0,0,0,-1
-960.0,800.0,-0.5,0,0,-1
-960.0,800.0,50.0,0,0,-1
-960.0,850.0,50.0,0,0,-1
-960.0,850.0,-0.5,0,0,-1
-960.0,850.0,50.0,0,0,-1
-960.0,900.0,50.0,0,0,-1
-960.0,900.0,-0.5,0,0,-1
-960.0,900.0,50.0,0,0,-1
-960.0,950.0,50.0,0,0,-1
-960.0,950.0,-0.5,0,0,-1
-960.0,950.0,50.0,0,0,-1
-960.0,1000.0,50.0,0,0,-1
-960.0,1000.0,-0.5,0,0,-1
-960.0,1000.0,50.0,0,0,-1
-960.0,1050.0,50.0,0,0,-1
-960.0,1050.0,-0.5,0,0,-1
-960.0,1050.0,50.0,0,0,-1
-960.0,1100.0,50.0,0,0,-1
-960.0,1100.0,-0.5,0,0,-1
-960.0,1100.0,50.0,0,0,-1
-960.0,1150.0,50.0,0,0,-1
-960.0,1150.0,-0.5,0,0,-1
-960.0,1150.0,50.0,0,0,-1
-960.0,1200.0,50.0,0,0,-1
-960.0,1200.0,-0.5,0,0,-1
-960.0,1200.0,50.0,0,0,-1
-960.0,1250.0,50.0,0,0,-1
-960.0,1250.0,-0.5,0,0,-1
-960.0,1250.0,50.0,0,0,-1
-960.0,1300.0,50.0,0,0,-1
-960.0,1300.0,-0.5,0,0,-1
-960.0,1300.0,50.0,0,0,-1
-960.0,1350.0,50.0,0,0,-1
-960.0,1350.0,-0.5,0,0,-1
-960.0,1350.0,50.0,0,0,-1
-960.0,1400.0,50.0,0,0,-1
-960.0,1400.0,-0.5,0,0,-1
-960.0,1400.0,50.0,0,0,-1
-960.0,1450.0,50.0,0,0,-1
-960.0,1450.0,-0.5,0,0,-1
-960.0,1450.0,50.0,0,0,-1
-1030.0,50.0,50.0,0,0,-1
-1030.0,50.0,-0.5,0,0,-1
-1030.0,50.0,50.0,0,0,-1
-1030.0,100.0,50.0,0,0,-1
-1030.0,100.0,-0.5,0,0,-1
-1030.0,100.0,50.0,0,0,-1
-1030.0,150.0,50.0,0,0,-1
-1030.0,150.0,-0.5,0,0,-1
-1030.0,150.0,50.0,0,0,-1
-1030.0,200.0,50.0,0,0,-1
-1030.0,200.0,-0.5,0,0,-1
-1030.0,200.0,50.0,0,0,-1
-1030.0,250.0,50.0,0,0,-1
-1030.0,250.0,-0.5,0,0,-1
-1030.0,250.0,50.0,0,0,-1
-1030.0,300.0,50.0,0,0,-1
-1030.0,300.0,-0.5,0,0,-1
-1030.0,300.0,50.0,0,0,-1
-1030.0,350.0,50.0,0,0,-1
-1030.0,350.0,-0.5,0,0,-1
-1030.0,350.0,50.0,0,0,-1
-1030.0,400.0,50.0,0,0,-1
-1030.0,400.0,-0.5,0,0,-1
-1030.0,400.0,50.0,0,0,-1
-1030.0,450.0,50.0,0,0,-1
-1030.0,450.0,-0.5,0,0,-1
-1030.0,450.0,50.0,0,0,-1
-1030.0,500.0,50.0,0,0,-1
-1030.0,500.0,-0.5,0,0,-1
-1030.0,500.0,50.0,0,0,-1
-1030.0,550.0,50.0,0,0,-1
-1030.0,550.0,-0.5,0,0,-1
-1030.0,550.0,50.0,0,0,-1
-1030.0,600.0,50.0,0,0,-1
-1030.0,600.0,-0.5,0,0,-1
-1030.0,600.0,50.0,0,0,-1
-1030.0,650.0,50.0,0,0,-1
-1030.0,650.0,-0.5,0,0,-1
-1030.0,650.0,50.0,0,0,-1
-1030.0,700.0,50.0,0,0,-1
-1030.0,700.0,-0.5,0,0,-1
-1030.0,700.0,50.0,0,0,-1
-1030.0,750.0,50.0,0,0,-1
-1030.0,750.0,-0.5,0,0,-1
-1030.0,750.0,50.0,0,0,-1
-1030.0,800.0,50.0,0,0,-1
-1030.0,800.0,-0.5,0,0,-1
-1030.0,800.0,50.0,0,0,-1
-1030.0,850.0,50.0,0,0,-1
-1030.0,850.0,-0.5,0,0,-1
-1030.0,850.0,50.0,0,0,-1
-1030.0,900.0,50.0,0,0,-1
-1030.0,900.0,-0.5,0,0,-1
-1030.0,900.0,50.0,0,0,-1
-1030.0,950.0,50.0,0,0,-1
-1030.0,950.0,-0.5,0,0,-1
-1030.0,950.0,50.0,0,0,-1
-1030.0,1000.0,50.0,0,0,-1
-1030.0,1000.0,-0.5,0,0,-1
-1030.0,1000.0,50.0,0,0,-1
-1030.0,1050.0,50.0,0,0,-1
-1030.0,1050.0,-0.5,0,0,-1
-1030.0,1050.0,50.0,0,0,-1
-1030.0,1100.0,50.0,0,0,-1
-1030.0,1100.0,-0.5,0,0,-1
-1030.0,1100.0,50.0,0,0,-1
-1030.0,1150.0,50.0,0,0,-1
-1030.0,1150.0,-0.5,0,0,-1
-1030.0,1150.0,50.0,0,0,-1
-1030.0,1200.0,50.0,0,0,-1
-1030.0,1200.0,-0.5,0,0,-1
-1030.0,1200.0,50.0,0,0,-1
-1030.0,1250.0,50.0,0,0,-1
-1030.0,1250.0,-0.5,0,0,-1
-1030.0,1250.0,50.0,0,0,-1
-1030.0,1300.0,50.0,0,0,-1
-1030.0,1300.0,-0.5,0,0,-1
-1030.0,1300.0,50.0,0,0,-1
-1030.0,1350.0,50.0,0,0,-1
-1030.0,1350.0,-0.5,0,0,-1
-1030.0,1350.0,50.0,0,0,-1
-1030.0,1400.0,50.0,0,0,-1
-1030.0,1400.0,-0.5,0,0,-1
-1030.0,1400.0,50.0,0,0,-1
-1100.0,50.0,50.0,0,0,-1
-1100.0,50.0,-0.5,0,0,-1
-1100.0,50.0,50.0,0,0,-1
-1100.0,100.0,50.0,0,0,-1
-1100.0,100.0,-0.5,0,0,-1
-1100.0,100.0,50.0,0,0,-1
-1100.0,150.0,50.0,0,0,-1
-1100.0,150.0,-0.5,0,0,-1
-1100.0,150.0,50.0,0,0,-1
-1100.0,200.0,50.0,0,0,-1
-1100.0,200.0,-0.5,0,0,-1
-1100.0,200.0,50.0,0,0,-1
-1100.0,250.0,50.0,0,0,-1
-1100.0,250.0,-0.5,0,0,-1
-1100.0,250.0,50.0,0,0,-1
-1100.0,300.0,50.0,0,0,-1
-1100.0,300.0,-0.5,0,0,-1
-1100.0,300.0,50.0,0,0,-1
-1100.0,350.0,50.0,0,0,-1
-1100.0,350.0,-0.5,0,0,-1
-1100.0,350.0,50.0,0,0,-1
-1100.0,400.0,50.0,0,0,-1
-1100.0,400.0,-0.5,0,0,-1
-1100.0,400.0,50.0,0,0,-1
-1100.0,450.0,50.0,0,0,-1
-1100.0,450.0,-0.5,0,0,-1
-1100.0,450.0,50.0,0,0,-1
-1100.0,500.0,50.0,0,0,-1
-1100.0,500.0,-0.5,0,0,-1
-1100.0,500.0,50.0,0,0,-1
-1100.0,550.0,50.0,0,0,-1
-1100.0,550.0,-0.5,0,0,-1
-1100.0,550.0,50.0,0,0,-1
-1100.0,600.0,50.0,0,0,-1
-1100.0,600.0,-0.5,0,0,-1
-1100.0,600.0,50.0,0,0,-1
-1100.0,650.0,50.0,0,0,-1
-1100.0,650.0,-0.5,0,0,-1
-1100.0,650.0,50.0,0,0,-1
-1100.0,700.0,50.0,0,0,-1
-1100.0,700.0,-0.5,0,0,-1
-1100.0,700.0,50.0,0,0,-1
-1100.0,750.0,50.0,0,0,-1
-1100.0,750.0,-0.5,0,0,-1
-1100.0,750.0,50.0,0,0,-1
-1100.0,800.0,50.0,0,0,-1
-1100.0,800.0,-0.5,0,0,-1
-1100.0,800.0,50.0,0,0,-1
-1100.0,850.0,50.0,0,0,-1
-1100.0,850.0,-0.5,0,0,-1
-1100.0,850.0,50.0,0,0,-1
-1100.0,900.0,50.0,0,0,-1
-1100.0,900.0,-0.5,0,0,-1
-1100.0,900.0,50.0,0,0,-1
-1100.0,950.0,50.0,0,0,-1
-1100.0,950.0,-0.5,0,0,-1
-1100.0,950.0,50.0,0,0,-1
-1100.0,1000.0,50.0,0,0,-1
-1100.0,1000.0,-0.5,0,0,-1
-1100.0,1000.0,50.0,0,0,-1
-1100.0,1050.0,50.0,0,0,-1
-1100.0,1050.0,-0.5,0,0,-1
-1100.0,1050.0,50.0,0,0,-1
-1100.0,1100.0,50.0,0,0,-1
-1100.0,1100.0,-0.5,0,0,-1
-1100.0,1100.0,50.0,0,0,-1
-1100.0,1150.0,50.0,0,0,-1
-1100.0,1150.0,-0.5,0,0,-1
-1100.0,1150.0,50.0,0,0,-1
-1100.0,1200.0,50.0,0,0,-1
-1100.0,1200.0,-0.5,0,0,-1
-1100.0,1200.0,50.0,0,0,-1
-1100.0,1250.0,50.0,0,0,-1
-1100.0,1250.0,-0.5,0,0,-1
-1100.0,1250.0,50.0,0,0,-1
-1100.0,1300.0,50.0,0,0,-1
-1100.0,1300.0,-0.5,0,0,-1
-1100.0,1300.0,50.0,0,0,-1
-1100.0,1350.0,50.0,0,0,-1
-1100.0,1350.0,-0.5,0,0,-1
-1100.0,1350.0,50.0,0,0,-1
-1170.0,50.0,50.0,0,0,-1
-1170.0,50.0,-0.5,0,0,-1
-1170.0,50.0,50.0,0,0,-1
-1170.0,100.0,50.0,0,0,-1
-1170.0,100.0,-0.5,0,0,-1
-1170.0,100.0,50.0,0,0,-1
-1170.0,150.0,50.0,0,0,-1
-1170.0,150.0,-0.5,0,0,-1
-1170.0,150.0,50.0,0,0,-1
-1170.0,200.0,50.0,0,0,-1
-1170.0,200.0,-0.5,0,0,-1
-1170.0,200.0,50.0,0,0,-1
-1170.0,250.0,50.0,0,0,-1
-1170.0,250.0,-0.5,0,0,-1
-1170.0,250.0,50.0,0,0,-1
-1170.0,300.0,50.0,0,0,-1
-1170.0,300.0,-0.5,0,0,-1
-1170.0,300.0,50.0,0,0,-1
-1170.0,350.0,50.0,0,0,-1
-1170.0,350.0,-0.5,0,0,-1
-1170.0,350.0,50.0,0,0,-1
-1170.0,400.0,50.0,0,0,-1
-1170.0,400.0,-0.5,0,0,-1
-1170.0,400.0,50.0,0,0,-1
-1170.0,450.0,50.0,0,0,-1
-1170.0,450.0,-0.5,0,0,-1
-1170.0,450.0,50.0,0,0,-1
-1170.0,500.0,50.0,0,0,-1
-1170.0,500.0,-0.5,0,0,-1
-1170.0,500.0,50.0,0,0,-1
-1170.0,550.0,50.0,0,0,-1
-1170.0,550.0,-0.5,0,0,-1
-1170.0,550.0,50.0,0,0,-1
-1170.0,600.0,50.0,0,0,-1
-1170.0,600.0,-0.5,0,0,-1
-1170.0,600.0,50.0,0,0,-1
-1170.0,650.0,50.0,0,0,-1
-1170.0,650.0,-0.5,0,0,-1
-1170.0,650.0,50.0,0,0,-1
-1170.0,700.0,50.0,0,0,-1
-1170.0,700.0,-0.5,0,0,-1
-1170.0,700.0,50.0,0,0,-1
-1170.0,750.0,50.0,0,0,-1
-1170.0,750.0,-0.5,0,0,-1
-1170.0,750.0,50.0,0,0,-1
-1170.0,800.0,50.0,0,0,-1
-1170.0,800.0,-0.5,0,0,-1
-1170.0,800.0,50.0,0,0,-1
-1170.0,850.0,50.0,0,0,-1
-1170.0,850.0,-0.5,0,0,-1
-1170.0,850.0,50.0,0,0,-1
-1170.0,900.0,50.0,0,0,-1
-1170.0,900.0,-0.5,0,0,-1
-1170.0,900.0,50.0,0,0,-1
-1170.0,950.0,50.0,0,0,-1
-1170.0,950.0,-0.5,0,0,-1
-1170.0,950.0,50.0,0,0,-1
-1170.0,1000.0,50.0,0,0,-1
-1170.0,1000.0,-0.5,0,0,-1
-1170.0,1000.0,50.0,0,0,-1
-1170.0,1050.0,50.0,0,0,-1
-1170.0,1050.0,-0.5,0,0,-1
-1170.0,1050.0,50.0,0,0,-1
-1170.0,1100.0,50.0,0,0,-1
-1170.0,1100.0,-0.5,0,0,-1
-1170.0,1100.0,50.0,0,0,-1
-1170.0,1150.0,50.0,0,0,-1
-1170.0,1150.0,-0.5,0,0,-1
-1170.0,1150.0,50.0,0,0,-1
-1170.0,1200.0,50.0,0,0,-1
-1170.0,1200.0,-0.5,0,0,-1
-1170.0,1200.0,50.0,0,0,-1
-1170.0,1250.0,50.0,0,0,-1
-1170.0,1250.0,-0.5,0,0,-1
-1170.0,1250.0,50.0,0,0,-1
-1170.0,1300.0,50.0,0,0,-1
-1170.0,1300.0,-0.5,0,0,-1
-1170.0,1300.0,50.0,0,0,-1
-1170.0,1350.0,50.0,0,0,-1
-1170.0,1350.0,-0.5,0,0,-1
-1170.0,1350.0,50.0,0,0,-1
-1240.0,50.0,50.0,0,0,-1
-1240.0,50.0,-0.5,0,0,-1
-1240.0,50.0,50.0,0,0,-1
-1240.0,100.0,50.0,0,0,-1
-1240.0,100.0,-0.5,0,0,-1
-1240.0,100.0,50.0,0,0,-1
-1240.0,150.0,50.0,0,0,-1
-1240.0,150.0,-0.5,0,0,-1
-1240.0,150.0,50.0,0,0,-1
-1240.0,200.0,50.0,0,0,-1
-1240.0,200.0,-0.5,0,0,-1
-1240.0,200.0,50.0,0,0,-1
-1240.0,250.0,50.0,0,0,-1
-1240.0,250.0,-0.5,0,0,-1
-1240.0,250.0,50.0,0,0,-1
-1240.0,300.0,50.0,0,0,-1
-1240.0,300.0,-0.5,0,0,-1
-1240.0,300.0,50.0,0,0,-1
-1240.0,350.0,50.0,0,0,-1
-1240.0,350.0,-0.5,0,0,-1
-1240.0,350.0,50.0,0,0,-1
-1240.0,400.0,50.0,0,0,-1
-1240.0,400.0,-0.5,0,0,-1
-1240.0,400.0,50.0,0,0,-1
-1240.0,450.0,50.0,0,0,-1
-1240.0,450.0,-0.5,0,0,-1
-1240.0,450.0,50.0,0,0,-1
-1240.0,500.0,50.0,0,0,-1
-1240.0,500.0,-0.5,0,0,-1
-1240.0,500.0,50.0,0,0,-1
-1240.0,550.0,50.0,0,0,-1
-1240.0,550.0,-0.5,0,0,-1
-1240.0,550.0,50.0,0,0,-1
-1240.0,600.0,50.0,0,0,-1
-1240.0,600.0,-0.5,0,0,-1
-1240.0,600.0,50.0,0,0,-1
-1240.0,650.0,50.0,0,0,-1
-1240.0,650.0,-0.5,0,0,-1
-1240.0,650.0,50.0,0,0,-1
-1240.0,700.0,50.0,0,0,-1
-1240.0,700.0,-0.5,0,0,-1
-1240.0,700.0,50.0,0,0,-1
-1240.0,750.0,50.0,0,0,-1
-1240.0,750.0,-0.5,0,0,-1
-1240.0,750.0,50.0,0,0,-1
-1240.0,800.0,50.0,0,0,-1
-1240.0,800.0,-0.5,0,0,-1
-1240.0,800.0,50.0,0,0,-1
-1240.0,850.0,50.0,0,0,-1
-1240.0,850.0,-0.5,0,0,-1
-1240.0,850.0,50.0,0,0,-1
-1240.0,900.0,50.0,0,0,-1
-1240.0,900.0,-0.5,0,0,-1
-1240.0,900.0,50.0,0,0,-1
-1240.0,950.0,50.0,0,0,-1
-1240.0,950.0,-0.5,0,0,-1
-1240.0,950.0,50.0,0,0,-1
-1240.0,1000.0,50.0,0,0,-1
-1240.0,1000.0,-0.5,0,0,-1
-1240.0,1000.0,50.0,0,0,-1
-1240.0,1050.0,50.0,0,0,-1
-1240.0,1050.0,-0.5,0,0,-1
-1240.0,1050.0,50.0,0,0,-1
-1240.0,1100.0,50.0,0,0,-1
-1240.0,1100.0,-0.5,0,0,-1
-1240.0,1100.0,50.0,0,0,-1
-1240.0,1150.0,50.0,0,0,-1
-1240.0,1150.0,-0.5,0,0,-1
-1240.0,1150.0,50.0,0,0,-1
-1240.0,1200.0,50.0,0,0,-1
-1240.0,1200.0,-0.5,0,0,-1
-1240.0,1200.0,50.0,0,0,-1
-1240.0,1250.0,50.0,0,0,-1
-1240.0,1250.0,-0.5,0,0,-1
-1240.0,1250.0,50.0,0,0,-1
-1240.0,1300.0,50.0,0,0,-1
-1240.0,1300.0,-0.5,0,0,-1
-1240.0,1300.0,50.0,0,0,-1
-1240.0,1350.0,50.0,0,0,-1
-1240.0,1350.0,-0.5,0,0,-1
-1240.0,1350.0,50.0,0,0,-1
-1240.0,1400.0,50.0,0,0,-1
-1240.0,1400.0,-0.5,0,0,-1
-1240.0,1400.0,50.0,0,0,-1
-1240.0,1450.0,50.0,0,0,-1
-1240.0,1450.0,-0.5,0,0,-1
-1240.0,1450.0,50.0,0,0,-1
-1310.0,50.0,50.0,0,0,-1
-1310.0,50.0,-0.5,0,0,-1
-1310.0,50.0,50.0,0,0,-1
-1310.0,100.0,50.0,0,0,-1
-1310.0,100.0,-0.5,0,0,-1
-1310.0,100.0,50.0,0,0,-1
-1310.0,150.0,50.0,0,0,-1
-1310.0,150.0,-0.5,0,0,-1
-1310.0,150.0,50.0,0,0,-1
-1310.0,200.0,50.0,0,0,-1
-1310.0,200.0,-0.5,0,0,-1
-1310.0,200.0,50.0,0,0,-1
-1310.0,250.0,50.0,0,0,-1
-1310.0,250.0,-0.5,0,0,-1
-1310.0,250.0,50.0,0,0,-1
-1310.0,300.0,50.0,0,0,-1
-1310.0,300.0,-0.5,0,0,-1
-1310.0,300.0,50.0,0,0,-1
-1310.0,350.0,50.0,0,0,-1
-1310.0,350.0,-0.5,0,0,-1
-1310.0,350.0,50.0,0,0,-1
-1310.0,400.0,50.0,0,0,-1
-1310.0,400.0,-0.5,0,0,-1
-1310.0,400.0,50.0,0,0,-1
-1310.0,450.0,50.0,0,0,-1
-1310.0,450.0,-0.5,0,0,-1
-1310.0,450.0,50.0,0,0,-1
-1310.0,500.0,50.0,0,0,-1
-1310.0,500.0,-0.5,0,0,-1
-1310.0,500.0,50.0,0,0,-1
-1310.0,550.0,50.0,0,0,-1
-1310.0,550.0,-0.5,0,0,-1
-1310.0,550.0,50.0,0,0,-1
-1310.0,600.0,50.0,0,0,-1
-1310.0,600.0,-0.5,0,0,-1
-1310.0,600.0,50.0,0,0,-1
-1310.0,650.0,50.0,0,0,-1
-1310.0,650.0,-0.5,0,0,-1
-1310.0,650.0,50.0,0,0,-1
-1310.0,700.0,50.0,0,0,-1
-1310.0,700.0,-0.5,0,0,-1
-1310.0,700.0,50.0,0,0,-1
-1310.0,750.0,50.0,0,0,-1
-1310.0,750.0,-0.5,0,0,-1
-1310.0,750.0,50.0,0,0,-1
-1310.0,800.0,50.0,0,0,-1
-1310.0,800.0,-0.5,0,0,-1
-1310.0,800.0,50.0,0,0,-1
-1310.0,850.0,50.0,0,0,-1
-1310.0,850.0,-0.5,0,0,-1
-1310.0,850.0,50.0,0,0,-1
-1310.0,900.0,50.0,0,0,-1
-1310.0,900.0,-0.5,0,0,-1
-1310.0,900.0,50.0,0,0,-1
-1310.0,950.0,50.0,0,0,-1
-1310.0,950.0,-0.5,0,0,-1
-1310.0,950.0,50.0,0,0,-1
-1310.0,1000.0,50.0,0,0,-1
-1310.0,1000.0,-0.5,0,0,-1
-1310.0,1000.0,50.0,0,0,-1
-1310.0,1050.0,50.0,0,0,-1
-1310.0,1050.0,-0.5,0,0,-1
-1310.0,1050.0,50.0,0,0,-1
-1310.0,1100.0,50.0,0,0,-1
-1310.0,1100.0,-0.5,0,0,-1
-1310.0,1100.0,50.0,0,0,-1
-1310.0,1150.0,50.0,0,0,-1
-1310.0,1150.0,-0.5,0,0,-1
-1310.0,1150.0,50.0,0,0,-1
-1310.0,1200.0,50.0,0,0,-1
-1310.0,1200.0,-0.5,0,0,-1
-1310.0,1200.0,50.0,0,0,-1
-1380.0,11.8,50.0,0,0,-1
-1380.0,11.8,-0.5,0,0,-1
-1380.0,11.8,50.0,0,0,-1
-1380.0,76.0,50.0,0,0,-1
-1380.0,76.0,-0.5,0,0,-1
-1380.0,76.0,50.0,0,0,-1
-1380.0,140.2,50.0,0,0,-1
-1380.0,140.2,-0.5,0,0,-1
-1380.0,140.2,50.0,0,0,-1
-1450.0,11.8,50.0,0,0,-1
-1450.0,11.8,-0.5,0,0,-1
-1450.0,11.8,50.0,0,0,-1
-1450.0,76.0,50.0,0,0,-1
-1450.0,76.0,-0.5,0,0,-1
-1450.0,76.0,50.0,0,0,-1
-1450.0,140.2,50.0,0,0,-1
-1450.0,140.2,-0.5,0,0,-1
-1450.0,140.2,50.0,0,0,-1
-1520.0,53.8,50.0,0,0,-1
-1520.0,53.8,-0.5,0,0,-1
-1520.0,53.8,50.0,0,0,-1
-1520.0,83.81,50.0,0,0,-1
-1520.0,83.81,-0.5,0,0,-1
-1520.0,83.81,50.0,0,0,-1
-1520.0,129.48,50.0,0,0,-1
-1520.0,129.48,-0.5,0,0,-1
-1520.0,129.48,50.0,0,0,-1
-1520.0,159.49,50.0,0,0,-1
-1520.0,159.49,-0.5,0,0,-1
-1520.0,159.49,50.0,0,0,-1
-1520.0,205.16,50.0,0,0,-1
-1520.0,205.16,-0.5,0,0,-1
-1520.0,205.16,50.0,0,0,-1
-1520.0,235.17,50.0,0,0,-1
-1520.0,235.17,-0.5,0,0,-1
-1520.0,235.17,50.0,0,0,-1
-1520.0,280.84,50.0,0,0,-1
-1520.0,280.84,-0.5,0,0,-1
-1520.0,280.84,50.0,0,0,-1
-1520.0,310.85,50.0,0,0,-1
-1520.0,310.85,-0.5,0,0,-1
-1520.0,310.85,50.0,0,0,-1
-1520.0,356.52,50.0,0,0,-1
-1520.0,356.52,-0.5,0,0,-1
-1520.0,356.52,50.0,0,0,-1
-1520.0,386.53,50.0,0,0,-1
-1520.0,386.53,-0.5,0,0,-1
-1520.0,386.53,50.0,0,0,-1
-1690.15,68.53,50.0,0,0,-1
-1690.15,68.53,-0.5,0,0,-1
-1690.15,68.53,50.0,0,0,-1
-1690.15,118.53,50.0,0,0,-1
-1690.15,118.53,-0.5,0,0,-1
-1690.15,118.53,50.0,0,0,-1
-1690.15,168.53,50.0,0,0,-1
-1690.15,168.53,-0.5,0,0,-1
-1690.15,168.53,50.0,0,0,-1
-1690.15,271.33,50.0,0,0,-1
-1690.15,271.33,-0.5,0,0,-1
-1690.15,271.33,50.0,0,0,-1
-1690.15,321.33,50.0,0,0,-1
-1690.15,321.33,-0.5,0,0,-1
-1690.15,321.33,50.0,0,0,-1
-1690.15,371.33,50.0,0,0,-1
-1690.15,371.33,-0.5,0,0,-1
-1690.15,371.33,50.0,0,0,-1
-1566.88,10.0,50.0,0,0,-1
-1566.88,10.0,-0.5,0,0,-1
-1566.88,10.0,50.0,0,0,-1
-1605.08,10.0,50.0,0,0,-1
-1605.08,10.0,-0.5,0,0,-1
-1605.08,10.0,50.0,0,0,-1
-1643.28,10.0,50.0,0,0,-1
-1643.28,10.0,-0.5,0,0,-1
-1643.28,10.0,50.0,0,0,-1
-1566.88,430.0,50.0,0,0,-1
-1566.88,430.0,-0.5,0,0,-1
-1566.88,430.0,50.0,0,0,-1
-1605.08,430.0,50.0,0,0,-1
-1605.08,430.0,-0.5,0,0,-1
-1605.08,430.0,50.0,0,0,-1
-1643.28,430.0,50.0,0,0,-1
-1643.28,430.0,-0.5,0,0,-1
-1643.28,430.0,50.0,0,0,-1
-1520.0,806.8,50.0,0,0,-1
-1520.0,806.8,-0.5,0,0,-1
-1520.0,806.8,50.0,0,0,-1
-1520.0,836.81,50.0,0,0,-1
-1520.0,836.81,-0.5,0,0,-1
-1520.0,836.81,50.0,0,0,-1
-1520.0,882.48,50.0,0,0,-1
-1520.0,882.48,-0.5,0,0,-1
-1520.0,882.48,50.0,0,0,-1
-1520.0,912.49,50.0,0,0,-1
-1520.0,912.49,-0.5,0,0,-1
-1520.0,912.49,50.0,0,0,-1
-1520.0,958.16,50.0,0,0,-1
-1520.0,958.16,-0.5,0,0,-1
-1520.0,958.16,50.0,0,0,-1
-1520.0,988.17,50.0,0,0,-1
-1520.0,988.17,-0.5,0,0,-1
-1520.0,988.17,50.0,0,0,-1
-1520.0,1033.84,50.0,0,0,-1
-1520.0,1033.84,-0.5,0,0,-1
-1520.0,1033.84,50.0,0,0,-1
-1520.0,1063.85,50.0,0,0,-1
-1520.0,1063.85,-0.5,0,0,-1
-1520.0,1063.85,50.0,0,0,-1
-1520.0,1109.52,50.0,0,0,-1
-1520.0,1109.52,-0.5,0,0,-1
-1520.0,1109.52,50.0,0,0,-1
-1520.0,1139.53,50.0,0,0,-1
-1520.0,1139.53,-0.5,0,0,-1
-1520.0,1139.53,50.0,0,0,-1
-1690.15,821.53,50.0,0,0,-1
-1690.15,821.53,-0.5,0,0,-1
-1690.15,821.53,50.0,0,0,-1
-1690.15,871.53,50.0,0,0,-1
-1690.15,871.53,-0.5,0,0,-1
-1690.15,871.53,50.0,0,0,-1
-1690.15,921.53,50.0,0,0,-1
-1690.15,921.53,-0.5,0,0,-1
-1690.15,921.53,50.0,0,0,-1
-1690.15,1024.33,50.0,0,0,-1
-1690.15,1024.33,-0.5,0,0,-1
-1690.15,1024.33,50.0,0,0,-1
-1690.15,1074.33,50.0,0,0,-1
-1690.15,1074.33,-0.5,0,0,-1
-1690.15,1074.33,50.0,0,0,-1
-1690.15,1124.33,50.0,0,0,-1
-1690.15,1124.33,-0.5,0,0,-1
-1690.15,1124.33,50.0,0,0,-1
-1566.88,763.0,50.0,0,0,-1
-1566.88,763.0,-0.5,0,0,-1
-1566.88,763.0,50.0,0,0,-1
-1605.08,763.0,50.0,0,0,-1
-1605.08,763.0,-0.5,0,0,-1
-1605.08,763.0,50.0,0,0,-1
-1643.28,763.0,50.0,0,0,-1
-1643.28,763.0,-0.5,0,0,-1
-1643.28,763.0,50.0,0,0,-1
-1566.88,1183.0,50.0,0,0,-1
-1566.88,1183.0,-0.5,0,0,-1
-1566.88,1183.0,50.0,0,0,-1
-1605.08,1183.0,50.0,0,0,-1
-1605.08,1183.0,-0.5,0,0,-1
-1605.08,1183.0,50.0,0,0,-1
-1643.28,1183.0,50.0,0,0,-1
-1643.28,1183.0,-0.5,0,0,-1
-1643.28,1183.0,50.0,0,0,-1
